{
  "main": {
    "id": "9679f8b293e3462b",
    "type": "split",
    "children": [
      {
        "id": "a052ae1b4004a417",
        "type": "tabs",
        "children": [
          {
            "id": "dd4b2547b78340c6",
            "type": "leaf",
            "state": {
              "type": "markdown",
              "state": {
                "file": "Gods/The Primordial Void.md",
                "mode": "source",
                "source": false
              },
              "icon": "lucide-file",
              "title": "The Primordial Void"
            }
          },
          {
            "id": "5fddd0b4f0304e1c",
            "type": "leaf",
            "state": {
              "type": "canvas",
              "state": {
                "file": "Gods/God Family Tree.canvas",
                "viewState": {
                  "x": 2131.039127953178,
                  "y": -91.27882335255052,
                  "zoom": -1.5555555013020834
                }
              },
              "icon": "lucide-layout-dashboard",
              "title": "God Family Tree"
            }
          }
        ],
        "currentTab": 1
      }
    ],
    "direction": "vertical"
  },
  "left": {
    "id": "6900f6fa7324d5b8",
    "type": "split",
    "children": [
      {
        "id": "7b71cd27c3de4286",
        "type": "tabs",
        "children": [
          {
            "id": "d3294271b5771b6b",
            "type": "leaf",
            "state": {
              "type": "file-explorer",
              "state": {
                "sortOrder": "alphabetical",
                "autoReveal": false
              },
              "icon": "lucide-folder-closed",
              "title": "Files"
            }
          },
          {
            "id": "59c562985967628f",
            "type": "leaf",
            "state": {
              "type": "search",
              "state": {
                "query": "",
                "matchingCase": false,
                "explainSearch": false,
                "collapseAll": false,
                "extraContext": false,
                "sortOrder": "alphabetical"
              },
              "icon": "lucide-search",
              "title": "Search"
            }
          },
          {
            "id": "2f67c25d5cfaa0c9",
            "type": "leaf",
            "state": {
              "type": "bookmarks",
              "state": {},
              "icon": "lucide-bookmark",
              "title": "Bookmarks"
            }
          }
        ]
      }
    ],
    "direction": "horizontal",
    "width": 300
  },
  "right": {
    "id": "2be2a90f46b1ccd5",
    "type": "split",
    "children": [
      {
        "id": "d3658312806db948",
        "type": "tabs",
        "children": [
          {
            "id": "c06396adaaa5ceb9",
            "type": "leaf",
            "state": {
              "type": "backlink",
              "state": {
                "file": "Gods/God Family Tree.canvas",
                "collapseAll": true,
                "extraContext": true,
                "sortOrder": "alphabetical",
                "showSearch": true,
                "searchQuery": "",
                "backlinkCollapsed": false,
                "unlinkedCollapsed": true
              },
              "icon": "links-coming-in",
              "title": "Backlinks for God Family Tree"
            }
          },
          {
            "id": "4ef3911d3ea9a2c2",
            "type": "leaf",
            "state": {
              "type": "outgoing-link",
              "state": {
                "file": "Gods/God Family Tree.canvas",
                "linksCollapsed": false,
                "unlinkedCollapsed": true
              },
              "icon": "links-going-out",
              "title": "Outgoing links from God Family Tree"
            }
          },
          {
            "id": "421e29eebb6a4810",
            "type": "leaf",
            "state": {
              "type": "tag",
              "state": {
                "sortOrder": "frequency",
                "useHierarchy": true,
                "showSearch": false,
                "searchQuery": ""
              },
              "icon": "lucide-tags",
              "title": "Tags"
            }
          },
          {
            "id": "4f350f9168142437",
            "type": "leaf",
            "state": {
              "type": "outline",
              "state": {
                "file": "Gods/God Family Tree.canvas",
                "followCursor": false,
                "showSearch": false,
                "searchQuery": ""
              },
              "icon": "lucide-list",
              "title": "Outline of God Family Tree"
            }
          }
        ],
        "currentTab": 3
      }
    ],
    "direction": "horizontal",
    "width": 300,
    "collapsed": true
  },
  "left-ribbon": {
    "hiddenItems": {
      "switcher:Open quick switcher": false,
      "graph:Open graph view": false,
      "canvas:Create new canvas": false,
      "daily-notes:Open today's daily note": false,
      "templates:Insert template": false,
      "command-palette:Open command palette": false
    }
  },
  "active": "5fddd0b4f0304e1c",
  "lastOpenFiles": [
    "Gods/The Primordial Void.md",
    "Gods/God Family Tree.canvas",
    "Gods",
    "Untitled 2.canvas",
    "Untitled 1.canvas",
    "Welcome.md"
  ]
}