{
  "main": {
    "id": "9679f8b293e3462b",
    "type": "split",
    "children": [
      {
        "id": "8bdc258742dd9e7a",
        "type": "tabs",
        "children": [
          {
            "id": "e45359f407b139b2",
            "type": "leaf",
            "state": {
              "type": "canvas",
              "state": {
                "file": "Loactions/Locations.canvas",
                "viewState": {
                  "x": -1113.6862307351062,
                  "y": -406.35983366759297,
                  "zoom": -0.9327861745912318
                }
              },
              "icon": "lucide-layout-dashboard",
              "title": "Locations"
            }
          },
          {
            "id": "f53658991977e1e5",
            "type": "leaf",
            "state": {
              "type": "canvas",
              "state": {
                "file": "Gods/God Family Tree.canvas",
                "viewState": {
                  "x": 383.55191939202507,
                  "y": -18.781154275669735,
                  "zoom": -0.5555555013020834
                }
              },
              "icon": "lucide-layout-dashboard",
              "title": "God Family Tree"
            }
          },
          {
            "id": "1ff8b8cbf53642d8",
            "type": "leaf",
            "state": {
              "type": "canvas",
              "state": {
                "file": "Loactions/Locations.canvas",
                "viewState": {
                  "x": -498.23213533149794,
                  "y": -608.2470216411454,
                  "zoom": -0.8888889567057294
                }
              },
              "icon": "lucide-layout-dashboard",
              "title": "Locations"
            }
          }
        ],
        "currentTab": 2
      }
    ],
    "direction": "vertical"
  },
  "left": {
    "id": "6900f6fa7324d5b8",
    "type": "split",
    "children": [
      {
        "id": "7b71cd27c3de4286",
        "type": "tabs",
        "children": [
          {
            "id": "d3294271b5771b6b",
            "type": "leaf",
            "state": {
              "type": "file-explorer",
              "state": {
                "sortOrder": "alphabetical",
                "autoReveal": false
              },
              "icon": "lucide-folder-closed",
              "title": "Files"
            }
          },
          {
            "id": "59c562985967628f",
            "type": "leaf",
            "state": {
              "type": "search",
              "state": {
                "query": "",
                "matchingCase": false,
                "explainSearch": false,
                "collapseAll": false,
                "extraContext": false,
                "sortOrder": "alphabetical"
              },
              "icon": "lucide-search",
              "title": "Search"
            }
          },
          {
            "id": "2f67c25d5cfaa0c9",
            "type": "leaf",
            "state": {
              "type": "bookmarks",
              "state": {},
              "icon": "lucide-bookmark",
              "title": "Bookmarks"
            }
          }
        ]
      }
    ],
    "direction": "horizontal",
    "width": 300
  },
  "right": {
    "id": "2be2a90f46b1ccd5",
    "type": "split",
    "children": [
      {
        "id": "d3658312806db948",
        "type": "tabs",
        "children": [
          {
            "id": "c06396adaaa5ceb9",
            "type": "leaf",
            "state": {
              "type": "backlink",
              "state": {
                "file": "Timeline/Timeline.canvas",
                "collapseAll": true,
                "extraContext": true,
                "sortOrder": "alphabetical",
                "showSearch": true,
                "searchQuery": "",
                "backlinkCollapsed": false,
                "unlinkedCollapsed": true
              },
              "icon": "links-coming-in",
              "title": "Backlinks for Timeline"
            }
          },
          {
            "id": "4ef3911d3ea9a2c2",
            "type": "leaf",
            "state": {
              "type": "outgoing-link",
              "state": {
                "file": "Timeline/Timeline.canvas",
                "linksCollapsed": false,
                "unlinkedCollapsed": true
              },
              "icon": "links-going-out",
              "title": "Outgoing links from Timeline"
            }
          },
          {
            "id": "421e29eebb6a4810",
            "type": "leaf",
            "state": {
              "type": "tag",
              "state": {
                "sortOrder": "frequency",
                "useHierarchy": true,
                "showSearch": false,
                "searchQuery": ""
              },
              "icon": "lucide-tags",
              "title": "Tags"
            }
          },
          {
            "id": "4f350f9168142437",
            "type": "leaf",
            "state": {
              "type": "outline",
              "state": {
                "file": "Timeline/Timeline.canvas",
                "followCursor": false,
                "showSearch": false,
                "searchQuery": ""
              },
              "icon": "lucide-list",
              "title": "Outline of Timeline"
            }
          }
        ],
        "currentTab": 3
      }
    ],
    "direction": "horizontal",
    "width": 300,
    "collapsed": true
  },
  "left-ribbon": {
    "hiddenItems": {
      "switcher:Open quick switcher": false,
      "graph:Open graph view": false,
      "canvas:Create new canvas": false,
      "daily-notes:Open today's daily note": false,
      "templates:Insert template": false,
      "command-palette:Open command palette": false
    }
  },
  "active": "1ff8b8cbf53642d8",
  "lastOpenFiles": [
    "Gods/God Family Tree.canvas",
    "Loactions/Locations.canvas",
    "Loactions/Locations ideas.md",
    "Loactions/Locations.md",
    "Timeline/Timeline.canvas",
    "Loactions/Earth/Light Sanctum.md",
    "Gods/The Primordial Void.md",
    "Loactions/Earth/City of Blood.md",
    "Complete Lore.canvas",
    "Timeline",
    "2025-05-22.md",
    "The",
    "Loactions/Daemon Realm Locations",
    "Loactions/Earth",
    "Loactions",
    "Welcome.md",
    "Gods",
    "Untitled 2.canvas",
    "Untitled 1.canvas"
  ]
}